Job Title,Company,Location,Job Link,Certifications,Technical Skills
63 Cyber Security jobs in London + 20 miles,,,https://www.cwjobs.co.uk/jobs/cyber-security/in-london?action=facet_selected%3bage%3b1&postedWithin=1,,
3 Charles Simon Associates Ltd jobs,,,https://www.cwjobs.co.uk/jobs/charles-simon-associates-ltd?cmpId=1250873&cmp=1,,
We use cookies,,,https://www.cwjobs.co.uk/jobs/in-technology-group-limited?cmpId=1391847&cmp=1,,
109 Cyber Security jobs in London + 20 miles,,,https://www.cwjobs.co.uk/jobs/cyber-security/in-london?salary=10000&salarytypeid=1&action=facet_selected%3bsalary%3b10000%3bsalarytypeid%3b1,,
11 Stott & May Professional Search Limited jobs,,,https://www.cwjobs.co.uk/jobs/stott-and-may-professional-search-limited?cmpId=1399471&q=Stott+%26+May+Professional+Search+Limited&cmp=1,,
14 Xact Placements Limited jobs,,,https://www.cwjobs.co.uk/jobs/xact-placements-limited?cmpId=1373347&cmp=1,,
113 Permanent Cyber Security jobs in London + 20 miles,,,https://www.cwjobs.co.uk/jobs/permanent/cyber-security/in-london,,
7 Franklin Bates Limited jobs,,,https://www.cwjobs.co.uk/jobs/franklin-bates-limited?cmpId=1367286&cmp=1,,
4 Centrica jobs,,,https://www.cwjobs.co.uk/jobs/centrica?cmpId=236973&cmp=1,,
2 Lime Street Recruitment Ltd jobs,,,https://www.cwjobs.co.uk/jobs/lime-street-recruitment-ltd?cmpId=1274595&cmp=1,,
41 Reed Technology jobs,,,https://www.cwjobs.co.uk/jobs/reed-technology?cmpId=1400341&cmp=1,,
63 Cyber Security jobs in City of London + 20 miles,,,https://www.cwjobs.co.uk/jobs/cyber-security/in-city-of-london,,
2 Ncounter Ltd jobs,,,https://www.cwjobs.co.uk/jobs/ncounter-ltd?cmpId=1164599&cmp=1,,
3 Southern Housing jobs,,,https://www.cwjobs.co.uk/jobs/southern-housing?cmpId=1083861&cmp=1,,
13 Stott & May jobs,,,https://www.cwjobs.co.uk/jobs/stott-and-may?cmpId=539543&q=Stott+%26+May&cmp=1,,
10 Sopra Steria Limited jobs,,,https://www.cwjobs.co.uk/jobs/sopra-steria-limited?cmpId=1399941&cmp=1,,
18 Langley James jobs,,,https://www.cwjobs.co.uk/jobs/langley-james?cmpId=106543&cmp=1,,
2 Infotech Recruitment Solutions Ltd jobs,,,https://www.cwjobs.co.uk/jobs/infotech-recruitment-solutions-ltd?cmpId=1213549&cmp=1,,
4 Ssp Group Plc jobs,,,https://www.cwjobs.co.uk/jobs/ssp-group-plc?cmpId=233492&cmp=1,,
20 Natwest jobs,,,https://www.cwjobs.co.uk/jobs/natwest?cmpId=1383692&cmp=1,,
4 Crone Corkill jobs,,,https://www.cwjobs.co.uk/jobs/crone-corkill?cmpId=1383080&cmp=1,,
2 Centrica Plc jobs,,,https://www.cwjobs.co.uk/jobs/centrica-plc?cmpId=1048480&cmp=1,,
48 Cyber Security jobs in London + 20 miles,,,https://www.cwjobs.co.uk/jobs/cyber-security/in-london?action=facet_selected%3bcompanyTypes%3b2&companytypes=2,,
12 Pearson Whiffin IT & Digital jobs,,,https://www.cwjobs.co.uk/jobs/pearson-whiffin-it-and-digital?cmpId=1376734&q=Pearson+Whiffin+IT+%26+Digital&cmp=1,,
7 Morson Talent jobs,,,https://www.cwjobs.co.uk/jobs/morson-talent?cmpId=1389930&cmp=1,,
15 Carrington Recruitment Solutions Ltd jobs,,,https://www.cwjobs.co.uk/jobs/carrington-recruitment-solutions-ltd?cmpId=1161020&cmp=1,,
86 Anson Mccade jobs,,,https://www.cwjobs.co.uk/jobs/anson-mccade?cmpId=1231308&cmp=1,,
18 Carrington Recruitment Solutions Limited jobs,,,https://www.cwjobs.co.uk/jobs/carrington-recruitment-solutions-limited?cmpId=1120367&cmp=1,,
