Job Title,Company,Link
Cyber Security Project Manager,Morson Talent,https://www.cwjobs.co.uk/jobs/morson-talent?cmpId=1389930&cmp=1
Cyber Security Engineer,JNC Recruitment Limited,https://www.cwjobs.co.uk/jobs/jnc-recruitment-limited?cmpId=1398551&cmp=1
Cyber Security Engineer,FryerMiles Recruitment Limited,https://www.cwjobs.co.uk/jobs/fryermiles-recruitment-limited?cmpId=1399072&cmp=1
Cyber Security Analyst - 6 Month Contract,SSP Group plc,https://www.cwjobs.co.uk/jobs/ssp-group-plc?cmpId=233492&cmp=1
IT Project Manager - Cyber Security,Reed Technology,https://www.cwjobs.co.uk/jobs/reed-technology?cmpId=1400341&cmp=1
Global Cyber Security Manager,Reed Technology,https://www.cwjobs.co.uk/jobs/reed-technology?cmpId=1400341&cmp=1
Cyber Security Analyst,Proactive Appointments Limited,https://www.cwjobs.co.uk/jobs/proactive-appointments-limited?cmpId=1373559&cmp=1
Cyber Security Manager,Context,https://www.cwjobs.co.uk/jobs/context?cmpId=1400560&cmp=1
Cyber Security Engineer - Senior,Get Staffed Online Recruitment,https://www.cwjobs.co.uk/jobs/get-staffed-online-recruitment?cmpId=758839&cmp=1
Cyber Security Engineer - Senior,Get Staffed Online Recruitment Ltd,https://www.cwjobs.co.uk/jobs/get-staffed-online-recruitment-ltd?cmpId=1158588&cmp=1
"Cyber Security Engineer, COR7186A",Corriculo Ltd,https://www.cwjobs.co.uk/jobs/corriculo-ltd?cmpId=1368681&cmp=1
Cyber Security Project Manager,Hays Technology,https://www.cwjobs.co.uk/jobs/hays-technology?cmpId=73875&cmp=1
Cyber Security Lead,KD Recruitment Limited,https://www.cwjobs.co.uk/jobs/kd-recruitment-limited?cmpId=944154&cmp=1
Graduate CE & I Engineer with Digital and Cyber Security,Risktec Solutions Ltd,https://www.cwjobs.co.uk/jobs/risktec-solutions-ltd?cmpId=1370279&cmp=1
Senior Cyber Security Engineer,Hays Technology,https://www.cwjobs.co.uk/jobs/hays-technology?cmpId=73875&cmp=1
Cyber Security Architect,ECS,https://www.cwjobs.co.uk/jobs/ecs?cmpId=1401233&cmp=1
Network Cyber Security Assurance Engineers,LA International Computer Consultants Ltd,https://www.cwjobs.co.uk/jobs/la-international-computer-consultants-ltd?cmpId=1364696&cmp=1
Cyber Security Lead,Rullion Limited,https://www.cwjobs.co.uk/jobs/rullion-limited?cmpId=1377430&cmp=1
Cyber Security (GRC) Principal,Fruition Group,https://www.cwjobs.co.uk/jobs/fruition-group?cmpId=1380813&cmp=1
Cyber Security Consultant,Context,https://www.cwjobs.co.uk/jobs/context?cmpId=1400560&cmp=1
Head of Cyber Security,DGH Recruitment,https://www.cwjobs.co.uk/jobs/dgh-recruitment?cmpId=1366063&cmp=1
Cyber Security Consultant,Ncounter Ltd,https://www.cwjobs.co.uk/jobs/ncounter-ltd?cmpId=1164599&cmp=1
Cyber Security Engineer - 6 Month Contract,SSP Group plc,https://www.cwjobs.co.uk/jobs/ssp-group-plc?cmpId=233492&cmp=1
Senior Business Development Representative Cyber Security,Infotech Recruitment Solutions Ltd,https://www.cwjobs.co.uk/jobs/infotech-recruitment-solutions-ltd?cmpId=1213549&cmp=1
Senior Cyber Security Sales,XACT PLACEMENTS LIMITED,https://www.cwjobs.co.uk/jobs/xact-placements-limited?cmpId=1373347&cmp=1
